1,1,"102,405,145,407,271,502,404,406,449,407,446,499,447,671,447,894,101,898,102,676,102,500,2,4,151,6,298,3,298,99,151,98,2,100,402,3,551,3,699,5,696,98,548,101,402,99","19 16 17 18,1 15 16 19,1 2 3 4 5 10 11 12 13 14 15,10 5 6 9,6 7 8 9","19 22 23 18,20 21 22 19,1 2 3 4 5 6 7 8 9 10 11,17 12 13 16,13 14 15 16","170,243,194,275",""
2,1,"54,653,98,653,192,755,307,654,350,656,349,756,348,876,348,999,52,999,53,885,53,762,402,5,647,5,803,4,799,101,647,97,403,97,995,397,996,254,998,8,856,5,854,258,856,400","19 16 17 18,1 15 16 19,1 2 3 4 5 10 11 12 13 14 15,10 5 6 9,6 7 8 9","19 22 21 20,18 21 22 19,1 2 3 4 5 6 7 8 9 10 11,17 12 13 16,13 14 15 16","281,149,313,183",""
3,1,"552,503,697,503,727,553,757,505,898,507,899,556,897,806,900,952,555,947,554,802,554,551,203,154,202,297,205,496,248,500,301,301,347,154,703,153,751,351,802,496,849,498,849,357,801,153","19 16 17 18,1 15 16 19,1 2 3 4 5 10 11 12 13 14 15,10 5 6 9,6 7 8 9","13 16 15 14,12 17 16 13,1 2 3 4 5 6 7 8 9 10 11,18 23 22 19,22 21 20 19","181,154,213,179",""
4,1,"364,642,390,636,504,725,622,635,645,642,627,755,652,859,648,925,363,927,352,856,387,756,64,152,55,276,44,440,144,485,149,280,149,155,154,654,154,788,154,948,267,897,235,763,224,655","19 16 17 18,1 15 16 19,1 2 3 4 5 10 11 12 13 14 15,10 5 6 9,6 7 8 9","19 22 21 20,18 23 22 19,1 2 3 4 5 6 7 8 9 10 11,12 17 16 13,16 15 14 13","260,140,309,186",""
5,1,"246,947,57,942,60,301,251,305,898,301,650,306,652,947,899,944","1 3 20 13,20 12 5 3","1 2 3 4,5 6 7 8","258,112,369,243",""
6,1,"3,560,157,453,246,500,351,451,497,505,403,654,402,999,103,999,99,656,302,254,301,326,303,398,448,399,401,329,399,252,655,251,636,324,605,397,750,399,746,325,749,254","19 16 17 18,1 15 16 19,1 2 3 4 5 10 12 13 15,10 5 6 9,6 7 8 9","20 17 16 21,19 18 17 20,1 2 3 4 5 6 7 8 9,13 12 11 14,11 10 15 14","95,136,142,187",""
7,1,"698,53,398,48,402,400,698,401,849,100,850,257,851,396,753,397,752,250,758,100,852,600,852,728,853,896,948,899,944,734,945,602","19 16 17 18,1 15 16 19,1 5 12 13,10 5 6 9,6 7 8 9","6 9 8 7,5 10 9 6,1 2 3 4,14 11 12 15,12 13 16 15","146,274,183,320",""
8,1,"300,553,393,555,437,555,479,553,559,557,676,550,844,500,871,602,699,654,569,698,574,786,596,998,252,998,299,784,299,702,191,648,2,595,23,509,200,553","19 16 17 18,1 15 16 19,2 3 4 10 11 12 13 14 15,10 5 6 9,6 7 8 9","19 16 17 18,1 15 16 19,2 3 4 10 11 12 13 14 15,10 5 6 9,6 7 8 9","208,142,239,180",""
9,1,"301,604,398,602,465,603,541,605,604,603,739,603,898,604,897,650,733,699,603,698,600,832,600,962,304,962,302,835,298,701,154,698,1,698,3,603,154,603","19 16 17 18,1 15 16 19,2 3 4 10 11 12 13 14 15,10 5 6 9,6 7 8 9","19 16 17 18,1 15 16 19,2 3 4 10 11 12 13 14 15,10 5 6 9,6 7 8 9","201,250,232,285",""
10,1,"68,408,143,400,208,467,280,403,348,404,353,531,399,933,45,927,58,543,198,14,200,319,104,331,53,99,649,80,596,331,504,325,503,8,98,252,198,252,500,251,601,251","19 16 17 18,1 15 16 19,1 2 3 4 5 10 12 13 15,10 5 6 9,6 7 8 9","20 21 15 16,17 14 21 20,1 2 3 4 5 6 7 8 9,13 10 19 18,19 11 12 18","149,331,182,370",""
11,1,"85,475,182,440,273,503,361,440,467,475,457,634,450,979,99,981,100,622,854,247,502,248,555,152,828,157,73,147,400,151,400,250,20,250,685,151,685,251,215,150,211,254","19 16 17 18,1 15 16 19,1 2 3 4 5 10 12 13 15,10 5 6 9,6 7 8 9","21 20 15 16,17 14 20 21,1 2 3 4 5 6 7 8 9,13 10 19 18,19 11 12 18","259,136,300,169",""
12,1,"802,95,870,47,972,143,954,614,800,616,801,214,119,45,203,77,205,233,205,616,40,616,30,126,502,848,947,802,950,873,586,947,390,941,8,846,8,798,457,805,737,802,732,936,207,798,198,935","19 16 17 18,1 15 16 19,1 2 3 20 13 15,4 5 10 12 20 3,10 5 6 9,6 7 8 9","23 24 18 19,20 17 24 23,1 2 3 4 5 6,7 8 9 10 11 12,16 13 21 22,21 14 15 22","182,249,206,273",""
13,1,"106,858,548,856,535,948,86,944,102,3,448,3,450,347,104,345,755,397,805,54,894,105,895,394,898,604,849,949,805,950,755,605,755,254,898,257,798,742,894,741","19 16 17 18,1 15 16 19,1 5 10 15,15 10 12 13,10 5 6 9,6 7 8 9","19 20 14 15,16 13 20 19,1 2 3 4,5 6 7 8,12 9 17 18,17 10 11 18","165,151,186,172",""
14,1,"823,499,888,508,894,952,703,950,716,557,752,514,67,498,147,515,184,555,172,942,15,949,18,514,511,251,944,210,948,293,561,344,420,344,55,295,55,206,490,252,732,245,732,351,264,249,267,354","19 16 17 18,1 15 16 19,2 3 20 13 15 1,4 5 10 12 20 3,10 5 6 9,6 7 8 9","23 24 18 19,20 17 24 23,1 2 3 4 5 6,7 8 9 10 11 12,16 13 21 22,21 14 15 22","170,145,192,165",""
15,1,"277,451,377,470,459,502,558,470,679,458,802,456,985,457,949,543,808,555,659,597,649,694,650,788,275,786,290,677,274,570,150,544,2,456,21,415,150,429","19 16 17 18,1 15 16 19,2 3 4 10 11 12 13 14 15,10 5 6 9,6 7 8 9","19 16 17 18,1 15 16 19,2 3 4 10 11 12 13 14 15,10 5 6 9,6 7 8 9","196,209,223,239",""
16,1,"848,400,950,555,959,946,753,949,752,558,747,436,98,406,195,432,199,563,243,946,2,944,5,553,596,131,931,105,933,187,655,247,514,261,254,193,255,152,581,154,778,126,780,237,414,154,422,248","19 16 17 18,1 15 16 19,2 3 20 13 15 1,4 5 10 12 20 3,10 5 6 9,6 7 8 9","23 24 18 19,20 17 24 23,1 2 3 4 5 6,7 8 9 10 11 12,16 13 21 22,21 14 15 22","259,116,294,157",""
17,1,"154,148,202,198,197,620,51,630,31,239,54,153,547,507,680,547,705,616,699,960,503,962,514,554,377,99,699,97,686,23,378,3,828,501,506,479,499,400,819,404,524,6,527,98,664,400,669,501","19 16 17 18,1 15 16 19,2 3 20 13 15 1,4 5 10 12 20 3,10 5 6 9,6 7 8 9","23 24 18 19,20 17 24 23,1 2 3 4 5 6,7 8 9 10 11 12,16 13 22 21,22 14 15 21","213,218,245,253",""
18,1,"309,47,452,23,502,57,551,21,707,46,828,68,992,104,986,160,825,182,686,192,661,287,686,463,306,461,342,285,302,174,175,181,16,150,14,102,175,67","19 16 17 18,1 15 16 19,2 3 4 10 11 12 13 14 15,10 5 6 9,6 7 8 9","19 16 17 18,1 15 16 19,2 3 4 10 11 12 13 14 15,10 5 6 9,6 7 8 9","202,218,227,254",""
19,1,"202,51,281,51,331,54,374,52,451,55,453,99,450,298,448,496,207,487,204,294,205,98,52,51,53,294,52,548,145,546,138,292,129,50,460,54,463,298,462,493,552,495,552,298,551,52","19 16 17 18,1 15 16 19,1 2 3 4 5 10 11 12 13 14 15,10 5 6 9,6 7 8 9","13 16 15 14,12 17 16 13,1 2 3 4 5 6 7 8 9 10 11,18 23 22 19,22 21 20 19","158,274,203,317",""
20,1,"","","","230,226,245,253",""
21,1,"","","","216,271,229,281",""
22,1,"","","","217,280,232,291",""
23,1,"","","","160,115,179,124",""
24,2,"288,51,402,49,495,350,603,59,733,52,945,153,905,248,734,186,737,550,744,946,255,941,259,550,253,199,104,250,53,153","1 2 3 4 5 6 7 8 9 10 11 12 13 14 15","1 2 3 4 5 6 7 8 9 10 11 12 13 14 15","231,157,250,174",""
25,2,"348,202,398,307,493,403,601,310,654,203,845,204,848,298,699,304,701,496,699,797,253,796,250,497,250,302,150,297,152,200","1 2 3 4 5 6 7 8 9 10 11 12 13 14 15","1 2 3 4 5 6 7 8 9 10 11 12 13 14 15","166,145,186,169",""
26,2,"154,52,298,54,328,150,357,54,502,50,691,57,693,199,502,200,502,350,498,551,156,541,151,354,156,199,3,199,4,54","1 2 3 4 5 6 7 8 9 10 11 12 13 14 15","1 2 3 4 5 6 7 8 9 10 11 12 13 14 15","281,147,309,179",""
27,2,"351,619,352,508,355,434,350,347,349,245,400,100,499,50,499,297,550,346,649,358,651,746,546,700,454,644,449,747,351,748","1 2 3 4 5 6 7 8 9 10 11 12 13 14 15","1 2 3 4 5 6 7 8 9 10 11 12 13 14 15","196,248,230,285",""
28,2,"63,546,177,502,280,596,384,503,463,535,535,558,521,693,459,696,449,849,449,999,103,999,105,857,113,695,7,699,9,569","1 2 3 4 5 6 7 8 9 10 11 12 13 14 15","1 2 3 4 5 6 7 8 9 10 11 12 13 14 15","174,151,197,178",""
29,2,"254,115,299,116,375,197,454,107,504,109,547,104,546,244,497,246,500,361,499,499,254,497,252,365,252,250,202,246,202,154","1 2 3 4 5 6 7 8 9 10 11 12 13 14 15","1 2 3 4 5 6 7 8 9 10 11 12 13 14 15","187,214,220,251",""
30,2,"604,405,699,404,754,402,824,401,946,403,948,942,604,956,156,347,160,103,251,105,300,348","1 2 3 4 5 10 11,1 2 14 15,4 5 6 7","1 2 3 4 5 6 7,8 11 10 9,11 8 9 10","102,155,310,184",""
31,2,"250,151,296,165,368,203,453,164,508,153,597,154,597,249,501,249,500,377,499,498,252,498,251,378,252,249,154,250,152,154","1 2 3 4 5 6 7 8 9 10 11 12 13 14 15","1 2 3 4 5 6 7 8 9 10 11 12 13 14 15","187,214,220,251",""
32,2,"300,504,384,601,501,652,612,602,702,503,895,508,900,649,695,648,699,812,698,976,353,977,351,819,353,652,104,649,103,505","1 2 3 4 5 6 7 8 9 10 11 12 13 14 15","1 2 3 4 5 6 7 8 9 10 11 12 13 14 15","115,131,136,161",""
33,2,"295,498,376,598,499,637,633,594,709,502,899,549,896,648,700,687,695,836,699,973,351,973,353,836,350,660,151,698,150,504","1 2 3 4 5 6 7 8 9 10 11 12 13 14 15","1 2 3 4 5 6 7 8 9 10 11 12 13 14 15","115,131,136,161",""
34,2,"152,55,242,55,298,150,410,56,492,53,644,57,644,238,504,240,500,403,498,647,151,649,153,404,150,241,3,248,3,54","1 2 3 4 5 6 7 8 9 10 11 12 13 14 15","1 2 3 4 5 6 7 8 9 10 11 12 13 14 15","279,148,318,198",""
35,2,"158,541,292,501,325,550,358,501,489,548,643,603,623,701,501,698,502,810,499,998,153,999,153,805,152,696,9,696,3,599","1 2 3 4 5 6 7 8 9 10 11 12 13 14 15","1 2 3 4 5 6 7 8 9 10 11 12 13 14 15","214,149,240,177",""
36,2,"488,556,502,634,450,730,502,838,490,909,362,901,29,898,32,553,368,564,753,181,980,177,977,293,846,299,846,700,982,703,982,803,752,848","1 2 14 15,1 2 3 4 5 8 10 11 13,4 5 6 7","17 14 15 16,1 2 3 4 5 6 7 8 9,13 10 11 12","105,137,133,169",""
37,2,"95,24,165,2,244,40,326,0,407,27,495,62,484,201,404,201,400,315,399,449,104,448,101,315,102,200,22,197,0,67","1 2 3 4 5 6 7 8 9 10 11 12 13 14 15","1 2 3 4 5 6 7 8 9 10 11 12 13 14 15","183,135,208,171",""
38,2,"155,56,229,26,344,104,466,33,548,54,679,107,652,256,504,204,498,322,499,473,207,470,202,327,201,206,54,250,52,102","1 2 3 4 5 6 7 8 9 10 11 12 13 14 15","1 2 3 4 5 6 7 8 9 10 11 12 13 14 15","166,216,188,247",""
39,2,"251,103,301,106,367,151,456,101,502,105,547,107,547,244,498,250,498,360,497,494,254,497,256,364,255,247,205,247,205,154","1 2 3 4 5 6 7 8 9 10 11 12 13 14 15","1 2 3 4 5 6 7 8 9 10 11 12 13 14 15","178,164,228,197",""
40,3,"53,560,217,452,307,502,412,452,590,556,491,698,499,806,498,949,110,938,108,807,107,693","1 2 3 4 5 6 7 8 9 10 11","1 2 3 4 5 6 7 8 9 10 11","271,146,301,183",""
41,3,"3,603,97,604,149,651,202,605,293,606,297,654,297,859,297,999,3,998,3,855,2,652","1 2 3 4 5 6 7 8 9 10 11","1 2 3 4 5 6 7 8 9 10 11","209,217,230,240",""
42,3,"105,2,862,5,869,997,110,995","11 6 8 9","1 2 3 4","247,224,261,243",""
43,3,"546,201,608,194,744,305,871,197,944,208,957,353,944,599,937,890,552,891,554,600,546,342","1 2 3 4 5 6 7 8 9 10 11","1 2 3 4 5 6 7 8 9 10 11","206,233,226,251",""
44,3,"804,338,994,589,772,940,564,642","11 6 8 9","1 2 3 4","194,173,229,205",""
45,3,"51,490,93,473,246,648,398,478,443,493,450,676,452,818,450,999,55,998,59,804,57,675","1 2 3 4 5 6 7 8 9 10 11","1 2 3 4 5 6 7 8 9 10 11","171,168,191,189",""
46,3,"562,108,562,195,450,296,544,362,552,441,449,447,193,450,5,448,2,108,196,106,448,103","1 2 3 4 5 6 7 8 9 10 11","1 2 3 4 5 6 7 8 9 10 11","225,152,247,179",""
47,3,"557,458,646,456,726,504,806,455,895,457,896,508,893,708,889,990,548,991,558,702,556,503","1 2 3 4 5 6 7 8 9 10 11","1 2 3 4 5 6 7 8 9 10 11","208,236,232,265",""
48,3,"144,67,226,36,285,95,358,42,473,65,465,155,461,313,459,582,132,588,139,312,139,145","1 2 3 4 5 6 7 8 9 10 11","1 2 3 4 5 6 7 8 9 10 11","192,183,206,208",""
49,3,"103,306,195,307,251,356,311,303,397,307,400,359,396,676,396,946,103,944,103,674,104,359","1 2 3 4 5 6 7 8 9 10 11","1 2 3 4 5 6 7 8 9 10 11","172,244,194,255",""
50,3,"152,102,198,104,298,254,399,102,443,98,450,254,451,400,448,547,152,547,154,405,152,253","1 2 3 4 5 6 7 8 9 10 11","1 2 3 4 5 6 7 8 9 10 11","231,152,247,169",""
51,3,"452,74,555,16,629,74,601,619,444,542,456,229,722,64,789,15,887,50,976,255,977,535,740,632","1 2 3 4 5 6 8 9 11","1 2 3 8 9 10 11 5 6","23,0,388,634",""
52,3,"207,505,548,504,547,898,207,897","11 6 8 9","1 2 3 4","196,187,211,201",""
53,3,"284,587,345,577,444,642,562,558,626,557,673,740,726,852,725,953,200,969,199,817,245,714","1 2 3 4 5 6 7 8 9 10 11","1 2 3 4 5 6 7 8 9 10 11","172,153,185,165",""
54,3,"131,70,156,66,254,186,354,62,385,67,451,264,451,398,449,644,56,638,52,400,56,263","1 2 3 4 5 6 7 8 9 10 11","1 2 3 4 5 6 7 8 9 10 11","201,143,226,161",""
55,3,"203,557,545,556,553,946,204,948","11 6 8 9","1 2 3 4","200,195,212,209",""
56,3,"564,596,948,604,953,943,552,947","11 6 8 9","1 2 3 4","208,159,229,180",""
57,3,"202,454,541,459,542,987,202,990","11 6 8 9","1 2 3 4","202,194,220,212",""
58,4,"418,404,597,402,598,595,598,795,597,980,404,995,402,793,404,593,656,406,835,407,845,607,847,807,849,999,655,995,655,800,653,602","1 2 9 10 11 12 13 14,2 3 4 5 6 7 8 9","9 10 11 12 13 14 15 16,1 2 3 4 5 6 7 8","230,392,260,439",""
59,4,"652,695,744,692,851,691,913,824,955,880,999,928,956,998,864,948,763,847,664,896,598,998,502,950,564,849,631,778","1 2 9 10 11 12 13 14,2 3 4 5 6 7 8 9","1 2 9 10 11 12 13 14,2 3 4 5 6 7 8 9","228,396,274,485",""
60,4,"605,305,762,310,949,307,952,549,950,796,946,996,808,997,808,795,781,541,745,768,749,994,596,993,603,760,602,536","1 2 9 10 11 12 13 14,2 3 4 5 6 7 8 9","2 3 4 5 6 7 8 9,1 2 9 10 11 12 13 14","159,324,182,359",""
61,4,"605,308,784,307,949,308,940,576,945,857,939,993,810,999,803,846,761,569,709,838,695,996,552,999,566,826,558,554","1 2 9 10 11 12 13 14,2 3 4 5 6 7 8 9","2 3 4 5 6 7 8 9,1 2 9 10 11 12 13 14","140,430,168,460",""
62,4,"602,298,764,305,946,306,951,501,944,737,947,996,809,991,806,731,775,500,730,733,700,992,554,998,562,729,555,492","1 2 9 10 11 12 13 14,2 3 4 5 6 7 8 9","2 3 4 5 6 7 8 9,1 2 9 10 11 12 13 14","159,324,182,359",""
63,4,"260,555,395,556,547,558,606,695,694,795,773,886,673,967,560,844,421,744,254,806,111,974,2,865,153,732,215,649","1 2 9 10 11 12 13 14,2 3 4 5 6 7 8 9","1 2 9 10 11 12 13 14,2 3 4 5 6 7 8 9","226,385,266,453",""
64,4,"202,105,298,109,300,249,299,427,300,595,203,594,204,422,202,250,354,101,448,102,450,252,449,425,447,596,341,593,328,425,349,246","1 2 9 10 11 12 13 14,2 3 4 5 6 7 8 9","1 2 3 4 5 6 7 8,9 10 11 12 13 14 15 16","223,368,268,424",""
65,4,"704,33,861,31,910,212,901,490,825,854,751,850,750,481,705,208,104,153,284,163,282,384,268,652,274,976,192,980,105,654,53,384","1 2 9 10 11 12 13 14,2 3 4 5 6 7 8 9","1 2 3 4 5 6 7 8,9 10 11 12 13 14 15 16","229,354,254,389",""
66,4,"336,4,492,3,660,9,697,217,701,607,697,998,603,995,602,600,526,196,434,596,412,997,303,995,301,593,323,181","1 2 9 10 11 12 13 14,2 3 4 5 6 7 8 9","1 2 9 10 11 12 13 14,2 3 4 5 6 7 8 9","207,231,237,262",""
67,4,"568,187,706,162,756,330,708,595,693,841,603,848,597,587,553,321,850,161,976,184,977,355,958,565,947,849,873,843,846,557,800,329","1 2 9 10 11 12 13 14,2 3 4 5 6 7 8 9","1 2 3 4 5 6 7 8,9 10 11 12 13 14 15 16","224,359,249,396",""
68,4,"523,453,662,436,703,561,702,777,647,985,565,981,527,761,507,551,848,436,980,456,995,560,972,783,933,987,851,972,806,769,808,548","1 2 9 10 11 12 13 14,2 3 4 5 6 7 8 9","1 2 3 4 5 6 7 8,9 10 11 12 13 14 15 16","132,518,168,560",""
69,4,"339,7,508,7,559,126,496,443,500,742,352,745,341,425,335,119,139,10,316,9,316,117,315,423,317,733,148,746,153,421,108,101","1 2 9 10 11 12 13 14,2 3 4 5 6 7 8 9","1 2 3 4 5 6 7 8,9 10 11 12 13 14 15 16","234,389,257,419",""
70,4,"751,50,878,38,945,189,926,399,876,785,811,795,756,392,752,189,107,199,246,204,249,391,244,551,199,943,130,932,80,554,45,384","1 2 9 10 11 12 13 14,2 3 4 5 6 7 8 9","1 2 3 4 5 6 7 8,9 10 11 12 13 14 15 16","239,356,263,389",""
71,4,"377,8,507,60,636,10,723,214,814,365,936,574,842,627,678,401,508,254,348,386,174,630,74,576,227,325,308,168","1 2 9 10 11 12 13 14,2 3 4 5 6 7 8 9","1 2 9 10 11 12 13 14,2 3 4 5 6 7 8 9","146,312,173,363",""
72,4,"490,66,689,20,749,242,672,568,585,972,467,971,485,559,491,229","1 2 9 10 11 12 13 14","1 2 3 4 5 6 7 8","148,431,262,460",""
73,4,"994,958,752,951,766,682,823,420,908,132,996,145,997,424,995,687,282,962,26,955,33,679,29,439,37,158,104,145,172,439,279,695","1 2 9 10 11 12 13 14,2 3 4 5 6 7 8 9","1 2 3 4 5 6 7 8,9 10 11 12 13 14 15 16","235,408,258,450",""
74,4,"311,177,455,175,505,279,459,544,402,802,316,805,322,534,300,275,114,170,272,176,277,290,249,526,246,805,162,801,101,518,82,265","1 2 9 10 11 12 13 14,2 3 4 5 6 7 8 9","1 2 3 4 5 6 7 8,9 10 11 12 13 14 15 16","224,366,259,406",""
75,4,"492,212,607,147,735,247,752,514,748,749,648,775,591,522,531,374,410,343,541,418,500,555,420,743,360,973,266,957,297,724,306,453","1 2 9 10 11 12 13 14,2 3 4 5 6 7 8 9","1 2 3 4 5 6 7 8,9 10 11 12 13 14 15 16","131,491,161,530",""
76,4,"427,717,438,575,410,413,574,328,716,252,928,168,979,255,797,391,653,550,765,683,979,841,936,924,697,836,555,764","1 2 9 10 11 12 13 14,2 3 4 5 6 7 8 9","1 2 9 10 11 12 13 14,2 3 4 5 6 7 8 9","24,0,388,634",""
77,4,"22,157,178,144,208,308,199,618,183,881,52,881,42,602,10,302,328,148,490,157,496,319,474,611,470,877,351,879,347,601,302,314","1 2 9 10 11 12 13 14,2 3 4 5 6 7 8 9","1 2 3 4 5 6 7 8,9 10 11 12 13 14 15 16","221,311,250,346",""
78,4,"614,612,697,636,773,613,825,712,896,805,995,931,901,992,831,902,691,751,593,855,491,993,400,929,502,797,568,700","1 2 9 10 11 12 13 14,2 3 4 5 6 7 8 9","1 2 9 10 11 12 13 14,2 3 4 5 6 7 8 9","225,418,262,487",""
79,4,"","","","168,328,183,355",""
80,4,"","","","233,282,256,297",""
81,5,"107,505,396,508,400,744,104,744,607,501,851,505,895,745,604,747","1 2 8 9,2 3 5 6","5 6 8 7,1 2 3 4","209,272,223,293",""
82,5,"701,301,944,309,947,699,704,696","1 2 8 9","1 2 3 4","192,310,220,321",""
83,5,"28,105,197,103,199,549,41,546,260,101,399,107,403,547,253,547","1 2 8 9,2 3 5 6","1 2 3 4,5 6 7 8","232,319,257,341",""
84,5,"214,3,360,33,522,0,618,160,727,299,524,460,362,259,195,445,21,286,123,147","1 2 7 8 9 10,2 3 4 5 6 7","1 2 7 8 9 10,2 3 4 5 6 7","198,267,221,287",""
85,5,"360,297,502,291,688,305,698,510,730,707,668,744,486,507,321,741,249,691,315,443","1 2 7 8 9 10,2 3 4 5 6 7","1 2 7 8 9 10,2 3 4 5 6 7","147,401,178,452",""
86,5,"90,20,395,20,416,245,391,446,97,419,621,21,893,17,906,422,604,444,601,198","1 2 7 8 9,2 3 5 6 7","1 2 3 4 5,6 7 8 9 10","175,342,187,362",""
87,5,"310,175,459,173,498,346,304,346,105,167,263,171,263,340,50,332","1 2 8 9,2 3 5 6","1 2 3 4,5 6 7 8","147,290,176,322",""
88,5,"","","","238,402,258,428",""
89,8,"698,205,306,203,305,343,304,847,505,846,698,844,697,347","1 2 3 4 5 6 7","1 2 3 4 5 6 7","201,423,220,455",""
90,8,"450,873,600,874,601,904,451,908,302,923,646,928,698,994,462,992,203,996","1 2 3 7,7 3 4 5 6","1 2 3 4,5 6 7 8 9","145,307,183,353",""
91,8,"354,799,650,799,649,831,353,831,230,56,790,59,921,672,500,674,72,674","1 2 3 7,7 3 4 5 6","1 2 3 4,5 6 7 8 9","257,376,294,391",""
92,8,"346,306,347,693,256,700,0,705,6,457,1,154,257,304","1 2 3 4 5 6 7","1 2 3 4 5 6 7","185,321,216,357",""
93,8,"263,26,708,25,752,169,850,908,510,913,159,910,225,181","1 2 3 4 5 6 7","1 2 3 4 5 6 7","208,239,220,250",""
94,8,"78,8,708,3,726,122,713,460,381,464,54,476,51,112","1 2 3 4 5 6 7","1 2 3 4 5 6 7","233,314,250,334",""
95,8,"485,6,992,8,990,992,510,996,8,12,467,4,486,994,8,995","1 8 5 6,8 2 4 5","1 2 3 4,5 6 7 8","212,346,224,360",""
96,8,"556,454,845,453,846,497,555,494,179,757,380,756,440,994,273,992,106,991","1 2 3 7,7 3 4 5 6","1 2 3 4,5 6 7 8 9","181,344,207,383",""
97,8,"352,14,647,15,647,89,354,89,362,554,632,557,744,903,515,933,251,900","1 2 3 7,7 3 4 5 6","1 2 3 4,5 6 7 8 9","227,401,259,449",""
98,8,"649,996,452,994,416,916,357,409,523,354,696,270,646,916","1 2 3 4 5 6 7","1 2 3 4 5 6 7","23,0,388,634",""
99,8,"846,703,356,704,354,747,851,747,603,0,948,7,993,494,762,496,555,499","1 2 3 7,7 3 4 5 6","1 2 3 4,5 6 7 8 9","151,273,171,307",""
100,8,"354,3,647,3,642,97,355,96,355,552,645,557,747,948,497,948,248,946","1 2 3 7,7 3 4 5 6","1 2 3 4,5 6 7 8 9","226,401,258,449",""
101,8,"254,3,596,4,649,100,847,293,417,450,3,294,204,97","1 2 3 4 5 6 7","1 2 3 4 5 6 7","182,282,205,306",""
102,8,"900,600,897,400,919,400,921,597,54,647,57,305,794,253,805,488,800,741","1 2 3 7,7 3 4 5 6","1 2 3 4,5 6 7 8 9","168,458,206,493",""
103,8,"153,255,395,257,398,446,153,446,644,460,252,462,255,993,468,999,693,997","1 2 3 7,7 3 4 5 6","1 2 3 4,5 6 7 8 9","209,406,240,466",""
104,8,"156,560,495,561,499,614,495,988,303,987,97,980,150,605","1 2 3 4 5 6 7","1 2 3 4 5 6 7","230,360,248,382",""
105,8,"101,6,449,6,446,47,101,45,152,215,547,215,646,576,346,589,43,574","1 2 3 7,7 3 4 5 6","1 2 3 4,5 6 7 8 9","155,356,174,380",""
106,8,"353,103,597,103,598,148,355,149,103,306,439,306,450,1000,258,1000,53,1000","1 2 3 7,7 3 4 5 6","1 2 3 4,5 6 7 8 9","153,233,259,259",""
107,8,"","","","187,404,195,435",""
108,8,"","","","263,441,281,470",""
109,13,"405,314,495,289,555,330,616,289,698,311,710,432,700,603,738,987,552,987,391,984,434,613,400,415,902,723,903,981,978,973,991,773,845,447,849,696,776,702,754,495","1 2 3 4 5 8 10 13 14 15 18 20,1 20 21 22,5 8 7 6","1 2 3 4 5 6 7 8 9 10 11 12,13 16 15 14,17 20 19 18","198,377,227,411",""
110,13,"662,329,703,437,595,568,704,690,674,813,554,781,10,745,15,402,548,401,952,448,901,162,805,165,850,459,703,872,772,595,851,596,850,898","1 2 3 4 5 8 10 18 20,1 20 21 22,5 8 7 6","1 2 3 4 5 6 7 8 9,10 13 12 11,14 17 16 15","238,316,264,344",""
111,13,"362,94,439,99,558,100,684,99,776,99,994,107,997,489,704,239,707,403,944,992,618,992,303,990,449,406,447,247,157,839,162,107","1 2 3 4 5 8 10 13 14 15 18 20,1 20 21 22,5 8 7 6","1 2 3 4 5 8 9 10 11 12 13 14,1 14 15 16,5 8 7 6","135,417,166,464",""
112,13,"29,106,181,106,179,286,197,988,110,990,14,989,29,288,898,296,895,54,860,53,801,299,897,318,900,568,856,566,793,317","20 8 10 13 14 15 18,1 20 21 22,5 8 7 6","1 2 3 4 5 6 7,8 11 10 9,12 15 14 13","178,426,205,466",""
113,13,"525,82,535,74,582,112,621,75,638,83,686,212,697,331,811,930,578,950,356,928,463,329,481,210,838,172,744,252,963,306,982,184,995,510,937,603,766,611,752,486","1 2 3 4 5 8 10 13 14 15 18 20,1 20 21 22,5 8 7 6","1 2 3 4 5 6 7 8 9 10 11 12,13 16 15 14,17 20 19 18","184,414,219,458",""
114,13,"102,404,189,394,249,430,315,400,423,411,494,408,491,544,394,552,386,700,420,972,246,986,100,980,152,709,144,551,7,543,7,412","1 2 3 4 5 6 7 8 10 13 14 15 18 20 21 22","1 2 3 4 5 6 7 8 9 10 11 12 13 14 15 16","199,312,234,349",""
115,17,"546,158,304,156,304,397,154,697,99,987,441,984,907,990,831,693,548,393","16 6 7 8 10 11 12 14 15","1 2 3 4 5 6 7 8 9","229,410,282,578",""
116,17,"102,22,194,24,257,26,318,25,432,24,451,50,452,145,495,550,251,549,28,551,52,149,58,53","1 2 3 4 5 6 8 10 11 12 14 16","1 2 3 4 5 6 7 8 9 10 11 12","191,401,230,439",""
117,17,"447,506,458,506,491,554,525,504,536,508,554,562,561,653,603,953,486,967,379,950,439,651,433,562","1 2 3 4 5 6 8 10 11 12 14 16","1 2 3 4 5 6 7 8 9 10 11 12","209,377,257,432",""
118,17,"102,22,194,24,257,26,318,25,432,24,451,50,452,145,495,550,251,549,28,551,52,149,58,53","1 2 3 4 5 6 8 10 11 12 14 16","1 2 3 4 5 6 7 8 9 10 11 12","149,394,180,475",""
119,17,"356,51,417,52,484,62,560,54,647,58,621,130,651,394,697,760,493,768,302,758,347,395,355,132","1 2 3 4 5 6 8 10 11 12 14 16","1 2 3 4 5 6 7 8 9 10 11 12","223,375,248,405",""
120,17,"107,102,178,104,217,125,257,106,343,106,349,182,349,501,395,990,241,999,57,994,73,502,59,201","1 2 3 4 5 6 8 10 11 12 14 16","1 2 3 4 5 6 7 8 9 10 11 12","199,375,222,397",""
121,17,"49,180,132,153,247,334,370,155,459,185,410,347,411,539,452,919,234,936,55,924,97,539,91,347","1 2 3 4 5 6 8 10 11 12 14 16","1 2 3 4 5 6 7 8 9 10 11 12","203,362,225,390",""
122,17,"94,172,126,146,245,286,379,154,412,173,415,334,419,495,492,855,223,892,10,863,95,503,99,327","1 2 3 4 5 6 8 10 11 12 14 16","1 2 3 4 5 6 7 8 9 10 11 12","163,352,187,380",""
123,17,"859,22,993,19,993,164,997,273,997,791,717,784,768,260,801,159,113,13,226,13,262,171,288,277,305,808,98,809,102,277,104,166","1 2 3 11 12 14 16,4 5 6 8 10 11 3","1 2 3 5 6 7 8,9 10 11 12 13 14 16","23,0,388,634",""
124,17,"155,258,197,260,227,299,255,256,297,259,350,344,452,552,598,948,299,911,108,894,155,561,153,351","1 2 3 4 5 6 8 10 11 12 14 16","1 2 3 4 5 6 7 8 9 10 11 12","214,363,252,410",""
125,17,"140,228,164,219,272,331,378,217,403,228,424,363,456,648,505,961,270,971,43,961,96,646,148,344","1 2 3 4 5 6 8 10 11 12 14 16","1 2 3 4 5 6 7 8 9 10 11 12","216,143,240,177",""
126,17,"159,266,401,262,445,358,496,992,313,995,104,996,109,351","16 6 8 10 11 12 14","1 2 3 4 5 6 7","155,365,178,392",""
127,17,"55,246,317,258,305,471,339,923,158,927,11,918,60,477","16 6 8 10 11 12 14","1 2 3 4 5 6 7","190,150,215,173",""
128,17,"157,111,235,107,264,129,293,107,381,107,393,201,393,543,394,942,257,946,153,948,161,544,153,201","1 2 3 4 5 6 8 10 11 12 14 16","1 2 3 4 5 6 7 8 9 10 11 12","194,179,224,213",""
129,17,"357,204,778,208,804,360,937,981,553,989,161,946,326,349","16 6 8 10 11 12 14","1 2 3 4 5 6 7","131,439,273,482",""
130,17,"17,364,85,335,211,502,349,339,418,366,361,484,352,692,399,976,215,983,48,987,99,694,85,477","1 2 3 4 5 6 8 10 11 12 14 16","1 2 3 4 5 6 7 8 9 10 11 12","171,148,200,173",""
131,17,"619,71,706,67,788,131,880,67,946,68,953,147,921,345,950,949,789,940,650,945,647,357,626,154","1 2 3 4 5 6 8 10 11 12 14 16","1 2 3 4 5 6 7 8 9 10 11 12","138,359,273,510",""
132,17,"153,102,182,98,220,107,258,100,287,112,299,197,383,442,394,977,213,985,55,985,93,442,143,194","1 2 3 4 5 6 8 10 11 12 14 16","1 2 3 4 5 6 7 8 9 10 11 12","190,431,220,471",""
133,17,"896,315,603,196,562,553,574,976,756,980,934,981,903,546","16 5 8 10 11 12 14","1 2 3 4 5 6 7","242,99,291,145",""
134,17,"","","","0,0,50,50",""
135,17,"","","","217,352,255,481",""
136,17,"","","","0,0,50,50",""
137,17,"","","","154,375,189,451",""
138,17,"","","","24,0,388,634",""
139,17,"","","","0,0,50,50",""
140,14,"55,36,152,15,211,190,332,18,422,49,431,154,421,446,18,431,41,146,495,952,499,784,502,626,409,629,397,791,364,889,781,405,627,399,599,445,607,653,652,949,746,950,773,658,785,446","19 16 17 18,1 15 16 19,1 2 3 4 5 10 12 13 15-2 3 4 5 6 7 8 9","11 14 13 12,10 15 14 11,1 2 3 4 5 6 7 8 9,17 16 23 22 21 20 19 18","216,304,299,345","557 311 980 993"
141,14,"543,595,466,572,429,729,388,559,280,581,264,704,264,940,559,952,553,690,349,381,347,522,228,300,250,381,271,516,80,527,186,526,240,624,200,756,183,978,74,977,83,755,76,618,345,244","19 16 17 18,1 15 16 19,1 2 3 4 5 10 12 13 15-1 2 9 10 11 12 13 14","10 13 14 11,23 12 13 10,1 2 3 4 5 6 7 8 9,15 16 17 18 19 20 21 22","247,267,296,322","0 0 240 1000"
142,14,"62,159,142,168,159,275,193,175,266,171,281,277,282,493,20,484,45,294,602,602,602,739,602,870,701,876,699,750,700,650,427,172,435,300,432,451,348,453,346,297,341,213,321,501,413,479,471,608,434,768,419,957,349,959,335,763,311,605,160,501","19 16 17 18,1 15 16 19,1 2 3 20 13 15,4 5 10 12 20 3,10 5 6 9,6 7 8 9-1 2 9 10 11 12 13 14","11 14 13 12,10 15 14 11,4 5 6 7 30 3,1 2 3 30 8 9,21 16 17 20,17 18 19 20,22 23 24 25 26 27 28 29","188,417,326,468","535 0 755 520,300 475 490 1000"
143,14,"251,149,338,103,373,118,413,100,498,144,596,151,748,156,749,201,598,246,500,255,497,398,542,639,550,694,571,745,508,776,466,715,383,624,306,696,252,791,204,735,230,652,254,602,255,402,249,248,135,234,4,197,5,152,137,153,383,402","19 16 17 18,1 15 16 19,1 2 3 4 5 10 12 13 15,10 5 6 9,6 7 8 9-1 2 9 10 11 12 13 14,2 3 4 5 6 7 8 9","28 25 26 27,1 24 25 28,1 2 3 4 5 10 11 23 24,10 5 6 9,6 7 8 9,23 29 17 18 19 20 21 22,29 11 12 13 14 15 16 17","289,399,322,465","0 398 1000 1000"
144,14,"56,152,146,166,157,270,199,167,254,159,280,269,278,498,22,492,42,306,602,602,601,725,600,872,700,872,698,735,699,645,433,173,437,319,440,454,322,452,321,321,321,231,322,501,411,477,466,601,431,806,420,955,353,963,334,799,309,603,161,500","19 16 17 18,1 15 16 19,1 2 3 20 13 15,4 5 10 12 20 3,10 5 6 9,6 7 8 9-1 2 9 10 11 12 13 14","11 14 13 12,10 15 14 11,4 5 6 7 30 3,1 2 3 30 8 9,21 16 17 20,17 18 19 20,22 23 24 25 26 27 28 29","188,417,326,468","530 0 745 527,300 465 492 1000"
145,14,"349,57,400,43,463,182,498,43,589,52,602,165,601,396,302,396,302,196,159,9,157,163,152,320,229,324,258,166,279,71,751,9,750,167,750,320,704,316,672,174,651,76,196,433,314,425,349,504,345,709,322,946,236,951,212,705,204,503,450,422,557,440,554,523,550,727,535,948,452,950,423,721,403,517","19 16 17 18,1 15 16 19,1 2 3 4 5 10 12 13 15,10 5 6 9,6 7 8 9-1 2 9 10 11 12 13 14,2 3 4 5 6 7 8 9","11 14 13 12,10 15 14 11,1 2 3 4 5 6 7 8 9,21 16 17 20,17 18 19 20,22 23 24 25 26 27 28 29,30 31 32 33 34 35 36 37","224,226,256,264","0 410 753 1000"
146,14,"344,49,423,28,479,194,543,9,635,28,650,163,654,373,330,379,328,178,502,684,503,813,506,962,577,978,632,843,657,757,223,479,340,472,402,570,368,804,348,987,252,989,239,799,216,573","19 16 17 18,1 15 16 19,1 2 3 4 5 10 12 13 15-1 2 9 10 11 12 13 14","11 14 13 12,10 15 14 11,1 2 3 4 5 6 7 8 9,16 17 18 19 20 21 22 23","215,327,300,369","0 447 413 1000"
147,14,"43,103,101,100,136,131,176,106,244,108,249,174,224,340,27,339,7,176,883,98,884,224,893,356,949,374,950,225,950,104,702,106,702,220,708,367,777,354,793,217,799,105,532,995,413,997,402,905,404,716,406,506,531,509,536,719,529,909,682,995,573,996,571,909,572,725,581,510,685,508,674,731,677,918","19 16 17 18,1 15 16 19,1 2 3 4 5 10 12 13 15,10 5 6 9,6 7 8 9-1 2 9 10 11 12 13 14,2 3 4 5 6 7 8 9","11 14 13 12,10 15 14 11,1 2 3 4 5 6 7 8 9,21 16 17 20,17 18 19 20,22 23 24 25 26 27 28 29,30 31 32 33 34 35 36 37","232,203,259,288","39 470 700 1000"
148,14,"327,202,400,210,486,298,578,202,646,200,739,203,894,201,848,293,735,298,649,302,599,466,651,690,700,808,699,941,662,947,603,813,511,692,393,780,349,933,298,915,317,774,349,683,404,462,351,306,256,301,103,247,103,202,254,198,494,469","19 16 17 18,1 15 16 19,1 2 3 4 5 10 12 13 15,10 5 6 9,6 7 8 9-1 2 9 10 11 12 13 14,2 3 4 5 6 7 8 9","28 25 26 27,1 24 25 28,1 2 3 4 5 10 11 23 24,10 5 6 9,6 7 8 9,23 29 17 18 19 20 21 22,29 11 12 13 14 15 16 17","280,381,314,455","0 462 1000 1000"
149,14,"653,341,719,312,750,321,778,311,846,345,910,358,981,382,968,408,896,396,837,397,824,484,872,583,925,651,999,753,993,787,875,703,755,611,643,686,517,782,489,765,583,647,616,591,672,488,657,398,605,402,540,401,511,377,593,356,752,487","19 16 17 18,1 15 16 19,1 2 3 4 5 10 12 13 15,10 5 6 9,6 7 8 9-1 2 9 10 11 12 13 14,2 3 4 5 6 7 8 9","28 25 26 27,1 24 25 28,1 2 3 4 5 10 11 23 24,10 5 6 9,6 7 8 9,23 29 17 18 19 20 21 22,29 11 12 13 14 15 16 17","216,186,261,245","0 484 1000 1000"
150,14,"539,596,474,577,434,711,455,954,554,956,548,689,385,559,280,577,272,706,274,941,398,942,419,716,345,248,347,374,344,521,272,518,258,378,255,283,83,527,184,526,242,618,198,814,194,976,80,969,82,809,77,623","19 16 17 18,1 15 16 19,1 2 3 20 13 15,4 5 10 12 20 3-1 2 9 10 11 12 13 14","14 17 16 15,13 18 17 14,1 2 3 4 5 6,7 8 9 10 11 12,19 20 21 22 23 24 25 26","190,411,322,453","0 0 245 1000"
151,14,"69,304,147,302,224,327,298,301,381,304,365,404,368,600,73,600,70,399,997,151,810,152,605,152,603,244,805,248,997,247,418,303,598,303,649,406,647,651,645,966,458,968,450,646,436,404","19 16 17 18,1 15 16 19,1 2 3 4 5 10 12 13 15-1 2 9 10 11 12 13 14","11 14 13 12,10 15 14 11,1 2 3 4 5 6 7 8 9,16 17 18 19 20 21 22 23","226,307,286,346","432 261 878 1000"
152,14,"652,53,707,52,732,68,757,50,803,49,807,104,798,396,609,386,603,103,353,553,355,705,357,890,489,897,489,705,485,553,798,427,972,422,994,558,996,757,992,998,779,994,801,752,801,555","19 16 17 18,1 15 16 19,1 2 3 4 5 10 12 13 15-1 2 9 10 11 12 13 14","11 14 13 12,10 15 14 11,1 2 3 4 5 6 7 8 9,16 17 18 19 20 21 22 23","213,305,298,362","640 420 1000 1000"
153,14,"104,54,349,54,349,301,105,298,753,5,752,166,753,299,798,294,848,165,844,4,903,3,904,168,903,297,996,297,996,170,997,4,323,420,437,423,577,425,578,597,581,759,591,969,512,967,482,759,449,603,428,763,396,970,313,969,334,758,327,603,176,55,219,56,264,53,344,125,107,129","19 16 17 18,1 15 16 19,1 2 3 4 5 10 12 13 15,10 5 6 9,6 7 8 9-1 2 9 10 11 12 13 14,2 3 4 5 6 7 8 9","6 9 8 7,5 10 9 6,1 31 32 33 2 34 3 4 35,16 11 12 15,12 13 14 15,17 18 25 26 27 28 29 30,18 19 20 21 22 23 24 25","147,131,195,175","0 400 606 1000"
154,14,"","","","0,0,50,50",""
155,18,"621,9,707,8,732,77,760,7,841,9,846,77,831,162,633,166,624,78,358,8,398,330,438,329,486,70,143,15,132,334,70,334,28,43,99,347,356,351,449,984,222,988,10,986","1 2 3 4 5 10 12 13 15,1 15 17 18,5 10 8 7-1 2 4 5 6","1 2 3 4 5 6 7 8 9,10 13 12 11,14 17 16 15,18 19 20 21 22","164,420,195,464","862 1000 453 333"
156,18,"79,412,124,396,224,438,345,391,381,412,402,540,378,672,77,672,59,541,896,392,902,622,950,622,975,463,647,398,650,619,572,621,555,458,582,38,905,42,977,369,741,372,509,369","1 2 3 4 5 10 12 13 15,1 15 17 18,5 10 8 7-1 2 4 5 6","1 2 3 4 5 6 7 8 9,10 13 12 11,14 17 16 15,18 19 20 21 22","260,130,298,169","0 0 480 375"
157,18,"70,154,147,160,171,306,180,546,31,546,50,314,223,164,310,159,327,286,338,542,205,548,200,289,546,175,547,326,545,484,646,483,641,340,645,237,542,174,545,328,541,486,450,483,463,329,458,223,461,763,658,764,657,981,554,983,453,982","1 2 3 20 13 15,4 5 10 12 20 3,1 15 17 18,5 10 8 7-1 2 4 5 6","7 8 9 10 11 12,1 2 3 4 5 6,13 18 16 15,19 24 22 21,25 26 27 28 29","190,340,249,387","410 500 690 1000"
158,18,"402,704,454,702,514,705,575,711,644,712,647,780,649,944,364,941,373,753,160,708,153,994,204,992,213,737,879,702,863,958,806,956,812,696,526,268,706,274,734,642,619,650,493,654","1 2 3 4 5 10 12 13 15,1 15 17 18,5 10 8 7-1 2 4 5 6","1 2 3 4 5 6 7 8 9,10 13 12 11,14 17 16 15,18 19 20 21 22","193,411,236,472","480 200 1000 664"
159,18,"221,107,262,103,333,186,400,103,440,109,451,195,427,346,220,346,218,191,631,90,598,318,741,383,732,131,782,699,695,489,830,375,870,637,207,456,513,457,548,995,369,993,201,994","1 2 3 4 5 10 12 13 15,1 15 17 18,5 10 8 7,1 2 4 5 6","1 2 3 4 5 6 7 8 9,10 13 12 11,14 17 16 15,18 19 20 21 22","185,396,220,447","0 450 770 1000"
161,18,"","","","229,302,236,313",""
160,25,"123,638,248,608,315,726,380,613,487,640,611,681,605,770,503,763,452,946,206,954,128,770,31,777,18,686,104,229,239,258,389,226,477,424,499,489,361,560,246,463,147,552,7,486,47,397","1 2 3 4 5 6 7 8 10 11 13 14 15-1 2 7 8 9 10,2 3 4 5 6 7","1 2 3 4 5 6 7 8 9 10 11 12 13,14 15 20 21 22 23,15 16 17 18 19 20","274,323,307,370","0 0 609 568,609 0 932 376"
162,34,"278,246,380,239,488,251,472,439,482,549,546,667,596,815,545,843,458,677,383,572,277,703,209,846,157,834,210,676,252,546,272,425,375,433","11 3 6 8 9-1 2 9 10 11 12 13 14,2 3 4 5 6 7 8 9","1 2 3 4 16,16 17 10 11 12 13 14 15,17 4 5 6 7 8 9 10","187,448,224,512","0 425 1000 1000"
163,34,"2,35,49,21,127,58,204,33,272,33,245,72,209,335,39,337,17,67,259,993,187,983,104,994,69,841,39,630,2,362,148,362,158,627,182,833,209,633,221,362,365,367,328,641,300,842","1 2 3 4 5 6 8 9 11-1 2 9 10 11 12 13 14,2 3 4 5 6 7 8 9","1 2 3 4 5 6 7 8 9,10 11 18 19 20 21 22 23,11 12 13 14 15 16 17 18","197,214,274,277","0 352 1000 1000"
164,34,"42,21,81,5,134,65,204,10,237,20,265,124,262,304,26,307,23,116,94,313,216,313,251,350,250,598,241,793,100,797,102,592,101,353,351,315,501,316,501,351,501,605,500,798,352,793,349,597,351,347","1 2 3 4 5 6 8 9 11-1 2 9 10 11 12 13 14,2 3 4 5 6 7 8 9","1 2 3 4 5 6 7 8 9,10 11 12 13 14 15 16 17,18 19 20 21 22 23 24 25","205,339,241,390","0 323 1000 1000"
165,34,"409,94,458,76,539,176,625,77,670,90,705,213,701,395,380,395,378,209,513,456,678,436,742,644,716,823,660,995,537,995,529,823,509,636,834,435,992,457,998,657,986,833,978,990,834,989,798,826,789,649","1 2 3 4 5 6 8 9 11-1 2 9 10 11 12 13 14,2 3 4 5 6 7 8 9","1 2 3 4 5 6 7 8 9,10 11 12 13 14 15 16 17,18 19 20 21 22 23 24 25","185,495,220,531","0 425 1000 1000"
166,34,"322,196,429,119,495,147,575,112,680,195,626,305,667,499,708,705,715,805,738,909,666,933,598,818,501,700,408,809,344,931,265,914,297,773,302,702,320,502,386,307,495,503","1 2 3 4 5 6 8 9 11-1 2 9 10 11 12 13 14,2 3 4 5 6 7 8 9","1 2 3 4 5 6 7 19 20,19 21 13 14 15 16 17 18,21 7 8 9 10 11 12 13","199,371,235,447","0 499 1000 1000"
167,35,"400,158,433,153,498,225,566,152,600,160,651,322,650,547,748,791,801,912,715,978,506,791,366,958,230,875,287,774,353,543,354,318,499,547","1 2 3 4 5 6 8 9 11-1 2 7 8 9 10,2 3 4 5 6 7","1 2 3 4 5 6 7 15 16,15 17 11 12 13 14,17 7 8 9 10 11","287,344,314,391","0 543 1000 1000"
168,38,"106,257,221,256,271,302,312,255,441,256,398,344,439,642,105,645,151,350,308,4,692,5,694,48,306,46,310,700,696,711,745,999,488,998,259,998","1 2 3 4 5 6 8 9 11-1 2 3 7,7 3 4 5 6","1 2 3 4 5 6 7 8 9,10 11 12 13,14 15 16 17 18","247,387,274,424","0 650 1000 1000"
169,38,"223,45,253,42,340,138,431,44,454,56,489,165,492,349,548,981,351,977,203,977,203,357,203,158","1 2 3 4 5 6 8 9 11-1 2 4 5 6","1 2 3 4 5 6 7 11 12,11 7 8 9 10","232,410,283,442","0 357 852 1000"
170,38,"705,301,949,303,946,493,711,494,495,292,207,296,127,10,341,8,546,9","11 6 8 9-1 2 4 5 6","1 2 3 4,5 6 7 8 9","188,183,212,206","0 0 693 1000"
171,38,"203,354,442,355,436,493,204,498,307,561,694,565,744,748,489,750,209,745","11 6 8 9-1 2 4 5 6","1 2 3 4,5 6 7 8 9","191,188,219,220","0 553 1000 780"
172,38,"113,601,151,582,251,725,374,583,421,599,469,789,451,986,93,983,90,764,600,739,942,739,949,906,598,908,94,8,492,5,532,285,272,291,52,282","1 2 3 4 5 6 8 9 11-1 2 3 7,7 3 4 5 6","1 2 3 4 5 6 7 8 9,10 11 12 13,14 15 16 17 18","221,304,243,326","0 0 583 586"
173,38,"82,26,112,17,192,59,268,9,308,24,330,147,325,302,375,979,201,986,29,981,62,306,59,149","1 2 3 4 5 6 8 9 11-1 2 4 5 6","1 2 3 4 5 6 7 11 12,11 7 8 9 10","181,409,214,450","0 297 1000 1000"
174,38,"652,223,774,222,895,225,901,417,654,416,353,533,647,533,700,788,470,786,208,789","11 3 6 8 9-1 2 4 5 6","1 2 3 4 5,6 7 8 9 10","193,188,221,215","0 507 1000 804"
175,38,"284,510,341,510,407,556,487,517,541,536,598,670,579,846,249,844,252,649,755,377,748,99,948,56,997,228,958,427","1 2 3 4 5 6 8 9 11-1 2 4 5 6","1 2 3 4 5 6 7 8 9,10 11 12 13 14","258,376,314,499","123 0 1000 475"
176,38,"267,107,289,109,317,153,353,115,371,119,456,326,450,528,158,531,199,309,651,732,870,637,994,846,873,913,708,974","1 2 3 4 5 6 8 9 11-1 2 4 5 6","1 2 3 4 5 6 7 8 9,10 11 12 13 14","215,153,243,177","0 556 1000 1000"
177,38,"904,158,899,189,608,296,896,402,898,431,719,425,546,436,546,168,727,171,242,16,485,17,515,488,362,496,213,491","1 2 3 4 5 6 8 9 11-1 2 4 5 6","1 2 3 4 5 6 7 8 9,10 11 12 13 14","182,362,201,387","200 2 510 1000"
178,38,"805,3,838,5,892,4,945,96,998,299,751,299,758,103,102,252,337,252,347,393,104,398,644,455,257,457,253,995,445,997,693,998","1 2 3 4 5 8 9-1 2 3 7,7 3 4 5 6","1 2 3 4 5 6 7,8 9 10 11,12 13 14 15 16","204,409,236,465","0 292 700 1000,700 460 1000 1000"